540.000	0.000	0.000	162.000	2.500	1040.000	676.000	28	79.990
540.000	0.000	0.000	162.000	2.500	1055.000	676.000	28	61.890
332.500	142.500	0.000	228.000	0.000	932.000	594.000	270	40.270
332.500	142.500	0.000	228.000	0.000	932.000	594.000	365	41.050
198.600	132.400	0.000	192.000	0.000	978.400	825.500	360	44.300
266.000	114.000	0.000	228.000	0.000	932.000	670.000	90	47.030
380.000	95.000	0.000	228.000	0.000	932.000	594.000	365	43.700
380.000	95.000	0.000	228.000	0.000	932.000	594.000	28	36.450
266.000	114.000	0.000	228.000	0.000	932.000	670.000	28	45.850
475.000	0.000	0.000	228.000	0.000	932.000	594.000	28	39.290
198.600	132.400	0.000	192.000	0.000	978.400	825.500	90	38.070
198.600	132.400	0.000	192.000	0.000	978.400	825.500	28	28.020
427.500	47.500	0.000	228.000	0.000	932.000	594.000	270	43.010
190.000	190.000	0.000	228.000	0.000	932.000	670.000	90	42.330
304.000	76.000	0.000	228.000	0.000	932.000	670.000	28	47.810
380.000	0.000	0.000	228.000	0.000	932.000	670.000	90	52.910
139.600	209.400	0.000	192.000	0.000	1047.000	806.900	90	39.360
342.000	38.000	0.000	228.000	0.000	932.000	670.000	365	56.140
380.000	95.000	0.000	228.000	0.000	932.000	594.000	90	40.560
475.000	0.000	0.000	228.000	0.000	932.000	594.000	180	42.620
427.500	47.500	0.000	228.000	0.000	932.000	594.000	180	41.840
139.600	209.400	0.000	192.000	0.000	1047.000	806.900	28	28.240
139.600	209.400	0.000	192.000	0.000	1047.000	806.900	3	8.060
139.600	209.400	0.000	192.000	0.000	1047.000	806.900	180	44.210
380.000	0.000	0.000	228.000	0.000	932.000	670.000	365	52.520
380.000	0.000	0.000	228.000	0.000	932.000	670.000	270	53.300
380.000	95.000	0.000	228.000	0.000	932.000	594.000	270	41.150
342.000	38.000	0.000	228.000	0.000	932.000	670.000	180	52.120
427.500	47.500	0.000	228.000	0.000	932.000	594.000	28	37.430
475.000	0.000	0.000	228.000	0.000	932.000	594.000	7	38.600
304.000	76.000	0.000	228.000	0.000	932.000	670.000	365	55.260
266.000	114.000	0.000	228.000	0.000	932.000	670.000	365	52.910
198.600	132.400	0.000	192.000	0.000	978.400	825.500	180	41.720
475.000	0.000	0.000	228.000	0.000	932.000	594.000	270	42.130
190.000	190.000	0.000	228.000	0.000	932.000	670.000	365	53.690
237.500	237.500	0.000	228.000	0.000	932.000	594.000	270	38.410
237.500	237.500	0.000	228.000	0.000	932.000	594.000	28	30.080
332.500	142.500	0.000	228.000	0.000	932.000	594.000	90	37.720
475.000	0.000	0.000	228.000	0.000	932.000	594.000	90	42.230
237.500	237.500	0.000	228.000	0.000	932.000	594.000	180	36.250
342.000	38.000	0.000	228.000	0.000	932.000	670.000	90	50.460
427.500	47.500	0.000	228.000	0.000	932.000	594.000	365	43.700
237.500	237.500	0.000	228.000	0.000	932.000	594.000	365	39.000
380.000	0.000	0.000	228.000	0.000	932.000	670.000	180	53.100
427.500	47.500	0.000	228.000	0.000	932.000	594.000	90	41.540
427.500	47.500	0.000	228.000	0.000	932.000	594.000	7	35.080
349.000	0.000	0.000	192.000	0.000	1047.000	806.900	3	15.050
380.000	95.000	0.000	228.000	0.000	932.000	594.000	180	40.760
237.500	237.500	0.000	228.000	0.000	932.000	594.000	7	26.260
380.000	95.000	0.000	228.000	0.000	932.000	594.000	7	32.820
332.500	142.500	0.000	228.000	0.000	932.000	594.000	180	39.780
190.000	190.000	0.000	228.000	0.000	932.000	670.000	180	46.930
237.500	237.500	0.000	228.000	0.000	932.000	594.000	90	33.120
304.000	76.000	0.000	228.000	0.000	932.000	670.000	90	49.190
139.600	209.400	0.000	192.000	0.000	1047.000	806.900	7	14.590
198.600	132.400	0.000	192.000	0.000	978.400	825.500	7	14.640
475.000	0.000	0.000	228.000	0.000	932.000	594.000	365	41.930
198.600	132.400	0.000	192.000	0.000	978.400	825.500	3	9.130
304.000	76.000	0.000	228.000	0.000	932.000	670.000	180	50.950
332.500	142.500	0.000	228.000	0.000	932.000	594.000	28	33.020
304.000	76.000	0.000	228.000	0.000	932.000	670.000	270	54.380
266.000	114.000	0.000	228.000	0.000	932.000	670.000	270	51.730
310.000	0.000	0.000	192.000	0.000	971.000	850.600	3	9.870
190.000	190.000	0.000	228.000	0.000	932.000	670.000	270	50.660
266.000	114.000	0.000	228.000	0.000	932.000	670.000	180	48.700
342.000	38.000	0.000	228.000	0.000	932.000	670.000	270	55.060
139.600	209.400	0.000	192.000	0.000	1047.000	806.900	360	44.700
332.500	142.500	0.000	228.000	0.000	932.000	594.000	7	30.280
190.000	190.000	0.000	228.000	0.000	932.000	670.000	28	40.860
485.000	0.000	0.000	146.000	0.000	1120.000	800.000	28	71.990
374.000	189.200	0.000	170.100	10.100	926.100	756.700	3	34.400
313.300	262.200	0.000	175.500	8.600	1046.900	611.800	3	28.800
425.000	106.300	0.000	153.500	16.500	852.100	887.100	3	33.400
425.000	106.300	0.000	151.400	18.600	936.000	803.700	3	36.300
375.000	93.800	0.000	126.600	23.400	852.100	992.600	3	29.000
475.000	118.800	0.000	181.100	8.900	852.100	781.500	3	37.800
469.000	117.200	0.000	137.800	32.200	852.100	840.500	3	40.200
425.000	106.300	0.000	153.500	16.500	852.100	887.100	3	33.400
388.600	97.100	0.000	157.900	12.100	852.100	925.700	3	28.100
531.300	0.000	0.000	141.800	28.200	852.100	893.700	3	41.300
425.000	106.300	0.000	153.500	16.500	852.100	887.100	3	33.400
318.800	212.500	0.000	155.700	14.300	852.100	880.400	3	25.200
401.800	94.700	0.000	147.400	11.400	946.800	852.100	3	41.100
362.600	189.000	0.000	164.900	11.600	944.700	755.800	3	35.300
323.700	282.800	0.000	183.800	10.300	942.700	659.900	3	28.300
379.500	151.200	0.000	153.900	15.900	1134.300	605.000	3	28.600
362.600	189.000	0.000	164.900	11.600	944.700	755.800	3	35.300
286.300	200.900	0.000	144.700	11.200	1004.600	803.700	3	24.400
362.600	189.000	0.000	164.900	11.600	944.700	755.800	3	35.300
439.000	177.000	0.000	186.000	11.100	884.900	707.900	3	39.300
389.900	189.000	0.000	145.900	22.000	944.700	755.800	3	40.600
362.600	189.000	0.000	164.900	11.600	944.700	755.800	3	35.300
337.900	189.000	0.000	174.900	9.500	944.700	755.800	3	24.100
374.000	189.200	0.000	170.100	10.100	926.100	756.700	7	46.200
313.300	262.200	0.000	175.500	8.600	1046.900	611.800	7	42.800
425.000	106.300	0.000	153.500	16.500	852.100	887.100	7	49.200
425.000	106.300	0.000	151.400	18.600	936.000	803.700	7	46.800
375.000	93.800	0.000	126.600	23.400	852.100	992.600	7	45.700
475.000	118.800	0.000	181.100	8.900	852.100	781.500	7	55.600
469.000	117.200	0.000	137.800	32.200	852.100	840.500	7	54.900
425.000	106.300	0.000	153.500	16.500	852.100	887.100	7	49.200
388.600	97.100	0.000	157.900	12.100	852.100	925.700	7	34.900
531.300	0.000	0.000	141.800	28.200	852.100	893.700	7	46.900
425.000	106.300	0.000	153.500	16.500	852.100	887.100	7	49.200
318.800	212.500	0.000	155.700	14.300	852.100	880.400	7	33.400
401.800	94.700	0.000	147.400	11.400	946.800	852.100	7	54.100
362.600	189.000	0.000	164.900	11.600	944.700	755.800	7	55.900
323.700	282.800	0.000	183.800	10.300	942.700	659.900	7	49.800
379.500	151.200	0.000	153.900	15.900	1134.300	605.000	7	47.100
362.600	189.000	0.000	164.900	11.600	944.700	755.800	7	55.900
286.300	200.900	0.000	144.700	11.200	1004.600	803.700	7	38.000
362.600	189.000	0.000	164.900	11.600	944.700	755.800	7	55.900
439.000	177.000	0.000	186.000	11.100	884.900	707.900	7	56.100
389.900	189.000	0.000	145.900	22.000	944.700	755.800	7	59.090
362.600	189.000	0.000	164.900	11.600	944.700	755.800	7	22.900
337.900	189.000	0.000	174.900	9.500	944.700	755.800	7	35.100
374.000	189.200	0.000	170.100	10.100	926.100	756.700	28	61.090
313.300	262.200	0.000	175.500	8.600	1046.900	611.800	28	59.800
425.000	106.300	0.000	153.500	16.500	852.100	887.100	28	60.290
425.000	106.300	0.000	151.400	18.600	936.000	803.700	28	61.800
375.000	93.800	0.000	126.600	23.400	852.100	992.600	28	56.700
475.000	118.800	0.000	181.100	8.900	852.100	781.500	28	68.300
469.000	117.200	0.000	137.800	32.200	852.100	840.500	28	66.900
425.000	106.300	0.000	153.500	16.500	852.100	887.100	28	60.290
388.600	97.100	0.000	157.900	12.100	852.100	925.700	28	50.700
531.300	0.000	0.000	141.800	28.200	852.100	893.700	28	56.400
425.000	106.300	0.000	153.500	16.500	852.100	887.100	28	60.290
318.800	212.500	0.000	155.700	14.300	852.100	880.400	28	55.500
401.800	94.700	0.000	147.400	11.400	946.800	852.100	28	68.500
362.600	189.000	0.000	164.900	11.600	944.700	755.800	28	71.300
323.700	282.800	0.000	183.800	10.300	942.700	659.900	28	74.700
379.500	151.200	0.000	153.900	15.900	1134.300	605.000	28	52.200
362.600	189.000	0.000	164.900	11.600	944.700	755.800	28	71.300
286.300	200.900	0.000	144.700	11.200	1004.600	803.700	28	67.700
362.600	189.000	0.000	164.900	11.600	944.700	755.800	28	71.300
439.000	177.000	0.000	186.000	11.100	884.900	707.900	28	66.000
389.900	189.000	0.000	145.900	22.000	944.700	755.800	28	74.500
362.600	189.000	0.000	164.900	11.600	944.700	755.800	28	71.300
337.900	189.000	0.000	174.900	9.500	944.700	755.800	28	49.900
374.000	189.200	0.000	170.100	10.100	926.100	756.700	56	63.400
313.300	262.200	0.000	175.500	8.600	1046.900	611.800	56	64.900
425.000	106.300	0.000	153.500	16.500	852.100	887.100	56	64.300
425.000	106.300	0.000	151.400	18.600	936.000	803.700	56	64.900
375.000	93.800	0.000	126.600	23.400	852.100	992.600	56	60.200
475.000	118.800	0.000	181.100	8.900	852.100	781.500	56	72.300
469.000	117.200	0.000	137.800	32.200	852.100	840.500	56	69.300
425.000	106.300	0.000	153.500	16.500	852.100	887.100	56	64.300
388.600	97.100	0.000	157.900	12.100	852.100	925.700	56	55.200
531.300	0.000	0.000	141.800	28.200	852.100	893.700	56	58.800
425.000	106.300	0.000	153.500	16.500	852.100	887.100	56	64.300
318.800	212.500	0.000	155.700	14.300	852.100	880.400	56	66.100
401.800	94.700	0.000	147.400	11.400	946.800	852.100	56	73.700
362.600	189.000	0.000	164.900	11.600	944.700	755.800	56	77.300
323.700	282.800	0.000	183.800	10.300	942.700	659.900	56	80.200
379.500	151.200	0.000	153.900	15.900	1134.300	605.000	56	54.900
362.600	189.000	0.000	164.900	11.600	944.700	755.800	56	77.300
286.300	200.900	0.000	144.700	11.200	1004.600	803.700	56	72.990
362.600	189.000	0.000	164.900	11.600	944.700	755.800	56	77.300
439.000	177.000	0.000	186.000	11.100	884.900	707.900	56	71.700
389.900	189.000	0.000	145.900	22.000	944.700	755.800	56	79.400
362.600	189.000	0.000	164.900	11.600	944.700	755.800	56	77.300
337.900	189.000	0.000	174.900	9.500	944.700	755.800	56	59.890
374.000	189.200	0.000	170.100	10.100	926.100	756.700	91	64.900
313.300	262.200	0.000	175.500	8.600	1046.900	611.800	91	66.600
425.000	106.300	0.000	153.500	16.500	852.100	887.100	91	65.200
425.000	106.300	0.000	151.400	18.600	936.000	803.700	91	66.700
375.000	93.800	0.000	126.600	23.400	852.100	992.600	91	62.500
475.000	118.800	0.000	181.100	8.900	852.100	781.500	91	74.190
469.000	117.200	0.000	137.800	32.200	852.100	840.500	91	70.700
425.000	106.300	0.000	153.500	16.500	852.100	887.100	91	65.200
388.600	97.100	0.000	157.900	12.100	852.100	925.700	91	57.600
531.300	0.000	0.000	141.800	28.200	852.100	893.700	91	59.200
425.000	106.300	0.000	153.500	16.500	852.100	887.100	91	65.200
318.800	212.500	0.000	155.700	14.300	852.100	880.400	91	68.100
401.800	94.700	0.000	147.400	11.400	946.800	852.100	91	75.500
362.600	189.000	0.000	164.900	11.600	944.700	755.800	91	79.300
379.500	151.200	0.000	153.900	15.900	1134.300	605.000	91	56.500
362.600	189.000	0.000	164.900	11.600	944.700	755.800	91	79.300
286.300	200.900	0.000	144.700	11.200	1004.600	803.700	91	76.800
362.600	189.000	0.000	164.900	11.600	944.700	755.800	91	79.300
439.000	177.000	0.000	186.000	11.100	884.900	707.900	91	73.300
389.900	189.000	0.000	145.900	22.000	944.700	755.800	91	82.600
362.600	189.000	0.000	164.900	11.600	944.700	755.800	91	79.300
337.900	189.000	0.000	174.900	9.500	944.700	755.800	91	67.800
222.400	0.000	96.700	189.300	4.500	967.100	870.300	3	11.580
222.400	0.000	96.700	189.300	4.500	967.100	870.300	14	24.450
222.400	0.000	96.700	189.300	4.500	967.100	870.300	28	24.890
222.400	0.000	96.700	189.300	4.500	967.100	870.300	56	29.450
222.400	0.000	96.700	189.300	4.500	967.100	870.300	100	40.710
233.800	0.000	94.600	197.900	4.600	947.000	852.200	3	10.380
233.800	0.000	94.600	197.900	4.600	947.000	852.200	14	22.140
233.800	0.000	94.600	197.900	4.600	947.000	852.200	28	22.840
233.800	0.000	94.600	197.900	4.600	947.000	852.200	56	27.660
233.800	0.000	94.600	197.900	4.600	947.000	852.200	100	34.560
194.700	0.000	100.500	165.600	7.500	1006.400	905.900	3	12.450
194.700	0.000	100.500	165.600	7.500	1006.400	905.900	14	24.990
194.700	0.000	100.500	165.600	7.500	1006.400	905.900	28	25.720
194.700	0.000	100.500	165.600	7.500	1006.400	905.900	56	33.960
194.700	0.000	100.500	165.600	7.500	1006.400	905.900	100	37.340
190.700	0.000	125.400	162.100	7.800	1090.000	804.000	3	15.040
190.700	0.000	125.400	162.100	7.800	1090.000	804.000	14	21.060
190.700	0.000	125.400	162.100	7.800	1090.000	804.000	28	26.400
190.700	0.000	125.400	162.100	7.800	1090.000	804.000	56	35.340
190.700	0.000	125.400	162.100	7.800	1090.000	804.000	100	40.570
212.100	0.000	121.600	180.300	5.700	1057.600	779.300	3	12.470
212.100	0.000	121.600	180.300	5.700	1057.600	779.300	14	20.920
212.100	0.000	121.600	180.300	5.700	1057.600	779.300	28	24.900
212.100	0.000	121.600	180.300	5.700	1057.600	779.300	56	34.200
212.100	0.000	121.600	180.300	5.700	1057.600	779.300	100	39.610
230.000	0.000	118.300	195.500	4.600	1029.400	758.600	3	10.030
230.000	0.000	118.300	195.500	4.600	1029.400	758.600	14	20.080
230.000	0.000	118.300	195.500	4.600	1029.400	758.600	28	24.480
230.000	0.000	118.300	195.500	4.600	1029.400	758.600	56	31.540
230.000	0.000	118.300	195.500	4.600	1029.400	758.600	100	35.340
190.300	0.000	125.200	161.900	9.900	1088.100	802.600	3	9.450
190.300	0.000	125.200	161.900	9.900	1088.100	802.600	14	22.720
190.300	0.000	125.200	161.900	9.900	1088.100	802.600	28	28.470
190.300	0.000	125.200	161.900	9.900	1088.100	802.600	56	38.560
190.300	0.000	125.200	161.900	9.900	1088.100	802.600	100	40.390
166.100	0.000	163.300	176.500	4.500	1058.600	780.100	3	10.760
166.100	0.000	163.300	176.500	4.500	1058.600	780.100	14	25.480
166.100	0.000	163.300	176.500	4.500	1058.600	780.100	28	21.540
166.100	0.000	163.300	176.500	4.500	1058.600	780.100	56	28.630
166.100	0.000	163.300	176.500	4.500	1058.600	780.100	100	33.540
168.000	42.100	163.800	121.800	5.700	1058.700	780.100	3	7.750
168.000	42.100	163.800	121.800	5.700	1058.700	780.100	14	17.820
168.000	42.100	163.800	121.800	5.700	1058.700	780.100	28	24.240
168.000	42.100	163.800	121.800	5.700	1058.700	780.100	56	32.850
168.000	42.100	163.800	121.800	5.700	1058.700	780.100	100	39.230
213.700	98.100	24.500	181.700	6.900	1065.800	785.400	3	18.000
213.700	98.100	24.500	181.700	6.900	1065.800	785.400	14	30.390
213.700	98.100	24.500	181.700	6.900	1065.800	785.400	28	45.710
213.700	98.100	24.500	181.700	6.900	1065.800	785.400	56	50.770
213.700	98.100	24.500	181.700	6.900	1065.800	785.400	100	53.900
213.800	98.100	24.500	181.700	6.700	1066.000	785.500	3	13.180
213.800	98.100	24.500	181.700	6.700	1066.000	785.500	14	17.840
213.800	98.100	24.500	181.700	6.700	1066.000	785.500	28	40.230
213.800	98.100	24.500	181.700	6.700	1066.000	785.500	56	47.130
213.800	98.100	24.500	181.700	6.700	1066.000	785.500	100	49.970
229.700	0.000	118.200	195.200	6.100	1028.100	757.600	3	13.360
229.700	0.000	118.200	195.200	6.100	1028.100	757.600	14	22.320
229.700	0.000	118.200	195.200	6.100	1028.100	757.600	28	24.540
229.700	0.000	118.200	195.200	6.100	1028.100	757.600	56	31.350
229.700	0.000	118.200	195.200	6.100	1028.100	757.600	100	40.860
238.100	0.000	94.100	186.700	7.000	949.900	847.000	3	19.930
238.100	0.000	94.100	186.700	7.000	949.900	847.000	14	25.690
238.100	0.000	94.100	186.700	7.000	949.900	847.000	28	30.230
238.100	0.000	94.100	186.700	7.000	949.900	847.000	56	39.590
238.100	0.000	94.100	186.700	7.000	949.900	847.000	100	44.300
250.000	0.000	95.700	187.400	5.500	956.900	861.200	3	13.820
250.000	0.000	95.700	187.400	5.500	956.900	861.200	14	24.920
250.000	0.000	95.700	187.400	5.500	956.900	861.200	28	29.220
250.000	0.000	95.700	187.400	5.500	956.900	861.200	56	38.330
250.000	0.000	95.700	187.400	5.500	956.900	861.200	100	42.350
212.500	0.000	100.400	159.300	8.700	1007.800	903.600	3	13.540
212.500	0.000	100.400	159.300	8.700	1007.800	903.600	14	26.310
212.500	0.000	100.400	159.300	8.700	1007.800	903.600	28	31.640
212.500	0.000	100.400	159.300	8.700	1007.800	903.600	56	42.550
212.500	0.000	100.400	159.300	8.700	1007.800	903.600	100	42.920
212.600	0.000	100.400	159.400	10.400	1003.800	903.800	3	13.330
212.600	0.000	100.400	159.400	10.400	1003.800	903.800	14	25.370
212.600	0.000	100.400	159.400	10.400	1003.800	903.800	28	37.400
212.600	0.000	100.400	159.400	10.400	1003.800	903.800	56	44.400
212.600	0.000	100.400	159.400	10.400	1003.800	903.800	100	47.740
212.000	0.000	124.800	159.000	7.800	1085.400	799.500	3	19.520
212.000	0.000	124.800	159.000	7.800	1085.400	799.500	14	31.350
212.000	0.000	124.800	159.000	7.800	1085.400	799.500	28	38.500
212.000	0.000	124.800	159.000	7.800	1085.400	799.500	56	45.080
212.000	0.000	124.800	159.000	7.800	1085.400	799.500	100	47.820
231.800	0.000	121.600	174.000	6.700	1056.400	778.500	3	15.440
231.800	0.000	121.600	174.000	6.700	1056.400	778.500	14	26.770
231.800	0.000	121.600	174.000	6.700	1056.400	778.500	28	33.730
231.800	0.000	121.600	174.000	6.700	1056.400	778.500	56	42.700
231.800	0.000	121.600	174.000	6.700	1056.400	778.500	100	45.840
251.400	0.000	118.300	188.500	5.800	1028.400	757.700	3	17.220
251.400	0.000	118.300	188.500	5.800	1028.400	757.700	14	29.930
251.400	0.000	118.300	188.500	5.800	1028.400	757.700	28	29.650
251.400	0.000	118.300	188.500	5.800	1028.400	757.700	56	36.970
251.400	0.000	118.300	188.500	5.800	1028.400	757.700	100	43.580
251.400	0.000	118.300	188.500	6.400	1028.400	757.700	3	13.120
251.400	0.000	118.300	188.500	6.400	1028.400	757.700	14	24.430
251.400	0.000	118.300	188.500	6.400	1028.400	757.700	28	32.660
251.400	0.000	118.300	188.500	6.400	1028.400	757.700	56	36.640
251.400	0.000	118.300	188.500	6.400	1028.400	757.700	100	44.210
181.400	0.000	167.000	169.600	7.600	1055.600	777.800	3	13.620
181.400	0.000	167.000	169.600	7.600	1055.600	777.800	14	21.600
181.400	0.000	167.000	169.600	7.600	1055.600	777.800	28	27.770
181.400	0.000	167.000	169.600	7.600	1055.600	777.800	56	35.570
181.400	0.000	167.000	169.600	7.600	1055.600	777.800	100	45.370
182.000	45.200	122.000	170.200	8.200	1059.400	780.700	3	7.320
182.000	45.200	122.000	170.200	8.200	1059.400	780.700	14	21.500
182.000	45.200	122.000	170.200	8.200	1059.400	780.700	28	31.270
182.000	45.200	122.000	170.200	8.200	1059.400	780.700	56	43.500
182.000	45.200	122.000	170.200	8.200	1059.400	780.700	100	48.670
168.900	42.200	124.300	158.300	10.800	1080.800	796.200	3	7.400
168.900	42.200	124.300	158.300	10.800	1080.800	796.200	14	23.510
168.900	42.200	124.300	158.300	10.800	1080.800	796.200	28	31.120
168.900	42.200	124.300	158.300	10.800	1080.800	796.200	56	39.150
168.900	42.200	124.300	158.300	10.800	1080.800	796.200	100	48.150
290.400	0.000	96.200	168.100	9.400	961.200	865.000	3	22.500
290.400	0.000	96.200	168.100	9.400	961.200	865.000	14	34.670
290.400	0.000	96.200	168.100	9.400	961.200	865.000	28	34.740
290.400	0.000	96.200	168.100	9.400	961.200	865.000	56	45.080
290.400	0.000	96.200	168.100	9.400	961.200	865.000	100	48.970
277.100	0.000	97.400	160.600	11.800	973.900	875.600	3	23.140
277.100	0.000	97.400	160.600	11.800	973.900	875.600	14	41.890
277.100	0.000	97.400	160.600	11.800	973.900	875.600	28	48.280
277.100	0.000	97.400	160.600	11.800	973.900	875.600	56	51.040
277.100	0.000	97.400	160.600	11.800	973.900	875.600	100	55.640
295.700	0.000	95.600	171.500	8.900	955.100	859.200	3	22.950
295.700	0.000	95.600	171.500	8.900	955.100	859.200	14	35.230
295.700	0.000	95.600	171.500	8.900	955.100	859.200	28	39.940
295.700	0.000	95.600	171.500	8.900	955.100	859.200	56	48.720
295.700	0.000	95.600	171.500	8.900	955.100	859.200	100	52.040
251.800	0.000	99.900	146.100	12.400	1006.000	899.800	3	21.020
251.800	0.000	99.900	146.100	12.400	1006.000	899.800	14	33.360
251.800	0.000	99.900	146.100	12.400	1006.000	899.800	28	33.940
251.800	0.000	99.900	146.100	12.400	1006.000	899.800	56	44.140
251.800	0.000	99.900	146.100	12.400	1006.000	899.800	100	45.370
249.100	0.000	98.800	158.100	12.800	987.800	889.000	3	15.360
249.100	0.000	98.800	158.100	12.800	987.800	889.000	14	28.680
249.100	0.000	98.800	158.100	12.800	987.800	889.000	28	30.850
249.100	0.000	98.800	158.100	12.800	987.800	889.000	56	42.030
249.100	0.000	98.800	158.100	12.800	987.800	889.000	100	51.060
252.300	0.000	98.800	146.300	14.200	987.800	889.000	3	21.780
252.300	0.000	98.800	146.300	14.200	987.800	889.000	14	42.290
252.300	0.000	98.800	146.300	14.200	987.800	889.000	28	50.600
252.300	0.000	98.800	146.300	14.200	987.800	889.000	56	55.830
252.300	0.000	98.800	146.300	14.200	987.800	889.000	100	60.950
246.800	0.000	125.100	143.300	12.000	1086.800	800.900	3	23.520
246.800	0.000	125.100	143.300	12.000	1086.800	800.900	14	42.220
246.800	0.000	125.100	143.300	12.000	1086.800	800.900	28	52.500
246.800	0.000	125.100	143.300	12.000	1086.800	800.900	56	60.320
246.800	0.000	125.100	143.300	12.000	1086.800	800.900	100	66.420
275.100	0.000	121.400	159.500	9.900	1053.600	777.500	3	23.800
275.100	0.000	121.400	159.500	9.900	1053.600	777.500	14	38.770
275.100	0.000	121.400	159.500	9.900	1053.600	777.500	28	51.330
275.100	0.000	121.400	159.500	9.900	1053.600	777.500	56	56.850
275.100	0.000	121.400	159.500	9.900	1053.600	777.500	100	58.610
297.200	0.000	117.500	174.800	9.500	1022.800	753.500	3	21.910
297.200	0.000	117.500	174.800	9.500	1022.800	753.500	14	36.990
297.200	0.000	117.500	174.800	9.500	1022.800	753.500	28	47.400
297.200	0.000	117.500	174.800	9.500	1022.800	753.500	56	51.960
297.200	0.000	117.500	174.800	9.500	1022.800	753.500	100	56.740
213.700	0.000	174.700	154.800	10.200	1053.500	776.400	3	17.570
213.700	0.000	174.700	154.800	10.200	1053.500	776.400	14	33.730
213.700	0.000	174.700	154.800	10.200	1053.500	776.400	28	40.150
213.700	0.000	174.700	154.800	10.200	1053.500	776.400	56	46.640
213.700	0.000	174.700	154.800	10.200	1053.500	776.400	100	50.080
213.500	0.000	174.200	154.600	11.700	1052.300	775.500	3	17.370
213.500	0.000	174.200	154.600	11.700	1052.300	775.500	14	33.700
213.500	0.000	174.200	154.600	11.700	1052.300	775.500	28	45.940
213.500	0.000	174.200	154.600	11.700	1052.300	775.500	56	51.430
213.500	0.000	174.200	154.600	11.700	1052.300	775.500	100	59.300
277.200	97.800	24.500	160.700	11.200	1061.700	782.500	3	30.450
277.200	97.800	24.500	160.700	11.200	1061.700	782.500	14	47.710
277.200	97.800	24.500	160.700	11.200	1061.700	782.500	28	63.140
277.200	97.800	24.500	160.700	11.200	1061.700	782.500	56	66.820
277.200	97.800	24.500	160.700	11.200	1061.700	782.500	100	66.950
218.200	54.600	123.800	140.800	11.900	1075.700	792.700	3	27.420
218.200	54.600	123.800	140.800	11.900	1075.700	792.700	14	35.960
218.200	54.600	123.800	140.800	11.900	1075.700	792.700	28	55.510
218.200	54.600	123.800	140.800	11.900	1075.700	792.700	56	61.990
218.200	54.600	123.800	140.800	11.900	1075.700	792.700	100	63.530
214.900	53.800	121.900	155.600	9.600	1014.300	780.600	3	18.020
214.900	53.800	121.900	155.600	9.600	1014.300	780.600	14	38.600
214.900	53.800	121.900	155.600	9.600	1014.300	780.600	28	52.200
214.900	53.800	121.900	155.600	9.600	1014.300	780.600	56	53.960
214.900	53.800	121.900	155.600	9.600	1014.300	780.600	100	56.630
218.900	0.000	124.100	158.500	11.300	1078.700	794.900	3	15.340
218.900	0.000	124.100	158.500	11.300	1078.700	794.900	14	26.050
218.900	0.000	124.100	158.500	11.300	1078.700	794.900	28	30.220
218.900	0.000	124.100	158.500	11.300	1078.700	794.900	56	37.270
218.900	0.000	124.100	158.500	11.300	1078.700	794.900	100	46.230
376.000	0.000	0.000	214.600	0.000	1003.500	762.400	3	16.280
376.000	0.000	0.000	214.600	0.000	1003.500	762.400	14	25.620
376.000	0.000	0.000	214.600	0.000	1003.500	762.400	28	31.970
376.000	0.000	0.000	214.600	0.000	1003.500	762.400	56	36.300
376.000	0.000	0.000	214.600	0.000	1003.500	762.400	100	43.060
500.000	0.000	0.000	140.000	4.000	966.000	853.000	28	67.570
475.000	0.000	59.000	142.000	1.900	1098.000	641.000	28	57.230
315.000	137.000	0.000	145.000	5.900	1130.000	745.000	28	81.750
505.000	0.000	60.000	195.000	0.000	1030.000	630.000	28	64.020
451.000	0.000	0.000	165.000	11.300	1030.000	745.000	28	78.800
516.000	0.000	0.000	162.000	8.200	801.000	802.000	28	41.370
520.000	0.000	0.000	170.000	5.200	855.000	855.000	28	60.280
528.000	0.000	0.000	185.000	6.900	920.000	720.000	28	56.830
520.000	0.000	0.000	175.000	5.200	870.000	805.000	28	51.020
385.000	0.000	136.000	158.000	20.000	903.000	768.000	28	55.550
500.100	0.000	0.000	200.000	3.000	1124.400	613.200	28	44.130
450.100	50.000	0.000	200.000	3.000	1124.400	613.200	28	39.380
397.000	17.200	158.000	167.000	20.800	967.000	633.000	28	55.650
333.000	17.500	163.000	167.000	17.900	996.000	652.000	28	47.280
334.000	17.600	158.000	189.000	15.300	967.000	633.000	28	44.330
405.000	0.000	0.000	175.000	0.000	1120.000	695.000	28	52.300
200.000	200.000	0.000	190.000	0.000	1145.000	660.000	28	49.250
516.000	0.000	0.000	162.000	8.300	801.000	802.000	28	41.370
145.000	116.000	119.000	184.000	5.700	833.000	880.000	28	29.160
160.000	128.000	122.000	182.000	6.400	824.000	879.000	28	39.400
234.000	156.000	0.000	189.000	5.900	981.000	760.000	28	39.300
250.000	180.000	95.000	159.000	9.500	860.000	800.000	28	67.870
475.000	0.000	0.000	162.000	9.500	1044.000	662.000	28	58.520
285.000	190.000	0.000	163.000	7.600	1031.000	685.000	28	53.580
356.000	119.000	0.000	160.000	9.000	1061.000	657.000	28	59.000
275.000	180.000	120.000	162.000	10.400	830.000	765.000	28	76.240
500.000	0.000	0.000	151.000	9.000	1033.000	655.000	28	69.840
165.000	0.000	143.600	163.800	0.000	1005.600	900.900	3	14.400
165.000	128.500	132.100	175.100	8.100	1005.800	746.600	3	19.420
178.000	129.800	118.600	179.900	3.600	1007.300	746.800	3	20.730
167.400	129.900	128.600	175.500	7.800	1006.300	746.600	3	14.940
172.400	13.600	172.400	156.800	4.100	1006.300	856.400	3	21.290
173.500	50.100	173.500	164.800	6.500	1006.200	793.500	3	23.080
167.000	75.400	167.000	164.000	7.900	1007.300	770.100	3	15.520
173.800	93.400	159.900	172.300	9.700	1007.200	746.600	3	15.820
190.300	0.000	125.200	166.600	9.900	1079.000	798.900	3	12.550
250.000	0.000	95.700	191.800	5.300	948.900	857.200	3	8.490
213.500	0.000	174.200	159.200	11.700	1043.600	771.900	3	15.610
194.700	0.000	100.500	170.200	7.500	998.000	901.800	3	12.180
251.400	0.000	118.300	192.900	5.800	1043.600	754.300	3	11.980
165.000	0.000	143.600	163.800	0.000	1005.600	900.900	14	16.880
165.000	128.500	132.100	175.100	8.100	1005.800	746.600	14	33.090
178.000	129.800	118.600	179.900	3.600	1007.300	746.800	14	34.240
167.400	129.900	128.600	175.500	7.800	1006.300	746.600	14	31.810
172.400	13.600	172.400	156.800	4.100	1006.300	856.400	14	29.750
173.500	50.100	173.500	164.800	6.500	1006.200	793.500	14	33.010
167.000	75.400	167.000	164.000	7.900	1007.300	770.100	14	32.900
173.800	93.400	159.900	172.300	9.700	1007.200	746.600	14	29.550
190.300	0.000	125.200	166.600	9.900	1079.000	798.900	14	19.420
250.000	0.000	95.700	191.800	5.300	948.900	857.200	14	24.660
213.500	0.000	174.200	159.200	11.700	1043.600	771.900	14	29.590
194.700	0.000	100.500	170.200	7.500	998.000	901.800	14	24.280
251.400	0.000	118.300	192.900	5.800	1043.600	754.300	14	20.730
165.000	0.000	143.600	163.800	0.000	1005.600	900.900	28	26.200
165.000	128.500	132.100	175.100	8.100	1005.800	746.600	28	46.390
178.000	129.800	118.600	179.900	3.600	1007.300	746.800	28	39.160
167.400	129.900	128.600	175.500	7.800	1006.300	746.600	28	41.200
172.400	13.600	172.400	156.800	4.100	1006.300	856.400	28	33.690
173.500	50.100	173.500	164.800	6.500	1006.200	793.500	28	38.200
167.000	75.400	167.000	164.000	7.900	1007.300	770.100	28	41.410
173.800	93.400	159.900	172.300	9.700	1007.200	746.600	28	37.810
190.300	0.000	125.200	166.600	9.900	1079.000	798.900	28	24.850
250.000	0.000	95.700	191.800	5.300	948.900	857.200	28	27.220
213.500	0.000	174.200	159.200	11.700	1043.600	771.900	28	44.640
194.700	0.000	100.500	170.200	7.500	998.000	901.800	28	37.270
251.400	0.000	118.300	192.900	5.800	1043.600	754.300	28	33.270
165.000	0.000	143.600	163.800	0.000	1005.600	900.900	56	36.560
165.000	128.500	132.100	175.100	8.100	1005.800	746.600	56	53.720
178.000	129.800	118.600	179.900	3.600	1007.300	746.800	56	48.590
167.400	129.900	128.600	175.500	7.800	1006.300	746.600	56	51.720
172.400	13.600	172.400	156.800	4.100	1006.300	856.400	56	35.850
173.500	50.100	173.500	164.800	6.500	1006.200	793.500	56	53.770
167.000	75.400	167.000	164.000	7.900	1007.300	770.100	56	53.460
173.800	93.400	159.900	172.300	9.700	1007.200	746.600	56	48.990
190.300	0.000	125.200	166.600	9.900	1079.000	798.900	56	31.720
250.000	0.000	95.700	191.800	5.300	948.900	857.200	56	39.640
213.500	0.000	174.200	159.200	11.700	1043.600	771.900	56	51.260
194.700	0.000	100.500	170.200	7.500	998.000	901.800	56	43.390
251.400	0.000	118.300	192.900	5.800	1043.600	754.300	56	39.270
165.000	0.000	143.600	163.800	0.000	1005.600	900.900	100	37.960
165.000	128.500	132.100	175.100	8.100	1005.800	746.600	100	55.020
178.000	129.800	118.600	179.900	3.600	1007.300	746.800	100	49.990
167.400	129.900	128.600	175.500	7.800	1006.300	746.600	100	53.660
172.400	13.600	172.400	156.800	4.100	1006.300	856.400	100	37.680
173.500	50.100	173.500	164.800	6.500	1006.200	793.500	100	56.060
167.000	75.400	167.000	164.000	7.900	1007.300	770.100	100	56.810
173.800	93.400	159.900	172.300	9.700	1007.200	746.600	100	50.940
190.300	0.000	125.200	166.600	9.900	1079.000	798.900	100	33.560
250.000	0.000	95.700	191.800	5.300	948.900	857.200	100	41.160
213.500	0.000	174.200	159.200	11.700	1043.600	771.900	100	52.960
194.700	0.000	100.500	170.200	7.500	998.000	901.800	100	44.280
251.400	0.000	118.300	192.900	5.800	1043.600	754.300	100	40.150
446.000	24.000	79.000	162.000	11.600	967.000	712.000	28	57.030
446.000	24.000	79.000	162.000	11.600	967.000	712.000	28	44.420
446.000	24.000	79.000	162.000	11.600	967.000	712.000	28	51.020
446.000	24.000	79.000	162.000	10.300	967.000	712.000	28	53.390
446.000	24.000	79.000	162.000	11.600	967.000	712.000	3	35.360
446.000	24.000	79.000	162.000	11.600	967.000	712.000	3	25.020
446.000	24.000	79.000	162.000	11.600	967.000	712.000	3	23.350
446.000	24.000	79.000	162.000	11.600	967.000	712.000	7	52.010
446.000	24.000	79.000	162.000	11.600	967.000	712.000	7	38.020
446.000	24.000	79.000	162.000	11.600	967.000	712.000	7	39.300
446.000	24.000	79.000	162.000	11.600	967.000	712.000	56	61.070
446.000	24.000	79.000	162.000	11.600	967.000	712.000	56	56.140
446.000	24.000	79.000	162.000	11.600	967.000	712.000	56	55.250
446.000	24.000	79.000	162.000	10.300	967.000	712.000	56	54.770
387.000	20.000	94.000	157.000	14.300	938.000	845.000	28	50.240
387.000	20.000	94.000	157.000	13.900	938.000	845.000	28	46.680
387.000	20.000	94.000	157.000	11.600	938.000	845.000	28	46.680
387.000	20.000	94.000	157.000	14.300	938.000	845.000	3	22.750
387.000	20.000	94.000	157.000	13.900	938.000	845.000	3	25.510
387.000	20.000	94.000	157.000	11.600	938.000	845.000	3	34.770
387.000	20.000	94.000	157.000	14.300	938.000	845.000	7	36.840
387.000	20.000	94.000	157.000	13.900	938.000	845.000	7	45.900
387.000	20.000	94.000	157.000	11.600	938.000	845.000	7	41.670
387.000	20.000	94.000	157.000	14.300	938.000	845.000	56	56.340
387.000	20.000	94.000	157.000	13.900	938.000	845.000	56	47.970
387.000	20.000	94.000	157.000	11.600	938.000	845.000	56	61.460
355.000	19.000	97.000	145.000	13.100	967.000	871.000	28	44.030
355.000	19.000	97.000	145.000	12.300	967.000	871.000	28	55.450
491.000	26.000	123.000	210.000	3.900	882.000	699.000	28	55.550
491.000	26.000	123.000	201.000	3.900	822.000	699.000	28	57.920
491.000	26.000	123.000	210.000	3.900	882.000	699.000	3	25.610
491.000	26.000	123.000	210.000	3.900	882.000	699.000	7	33.490
491.000	26.000	123.000	210.000	3.900	882.000	699.000	56	59.590
491.000	26.000	123.000	201.000	3.900	822.000	699.000	3	29.550
491.000	26.000	123.000	201.000	3.900	822.000	699.000	7	37.920
491.000	26.000	123.000	201.000	3.900	822.000	699.000	56	61.860
424.000	22.000	132.000	178.000	8.500	822.000	750.000	28	62.050
424.000	22.000	132.000	178.000	8.500	882.000	750.000	3	32.010
424.000	22.000	132.000	168.000	8.900	822.000	750.000	28	72.100
424.000	22.000	132.000	178.000	8.500	822.000	750.000	7	39.000
424.000	22.000	132.000	178.000	8.500	822.000	750.000	56	65.700
424.000	22.000	132.000	168.000	8.900	822.000	750.000	3	32.110
424.000	22.000	132.000	168.000	8.900	822.000	750.000	7	40.290
424.000	22.000	132.000	168.000	8.900	822.000	750.000	56	74.360
202.000	11.000	141.000	206.000	1.700	942.000	801.000	28	21.970
202.000	11.000	141.000	206.000	1.700	942.000	801.000	3	9.850
202.000	11.000	141.000	206.000	1.700	942.000	801.000	7	15.070
202.000	11.000	141.000	206.000	1.700	942.000	801.000	56	23.250
284.000	15.000	141.000	179.000	5.500	842.000	801.000	28	43.730
284.000	15.000	141.000	179.000	5.500	842.000	801.000	3	13.400
284.000	15.000	141.000	179.000	5.500	842.000	801.000	7	24.130
284.000	15.000	141.000	179.000	5.500	842.000	801.000	56	44.520
359.000	19.000	141.000	154.000	10.900	942.000	801.000	28	62.940
359.000	19.000	141.000	154.000	10.900	942.000	801.000	28	59.490
359.000	19.000	141.000	154.000	10.900	942.000	801.000	3	25.120
359.000	19.000	141.000	154.000	10.900	942.000	801.000	3	23.640
359.000	19.000	141.000	154.000	10.900	942.000	801.000	7	35.750
359.000	19.000	141.000	154.000	10.900	942.000	801.000	7	38.610
359.000	19.000	141.000	154.000	10.900	942.000	801.000	56	68.750
359.000	19.000	141.000	154.000	10.900	942.000	801.000	56	66.780
436.000	0.000	0.000	218.000	0.000	838.400	719.700	28	23.850
289.000	0.000	0.000	192.000	0.000	913.200	895.300	90	32.070
289.000	0.000	0.000	192.000	0.000	913.200	895.300	3	11.650
393.000	0.000	0.000	192.000	0.000	940.600	785.600	3	19.200
393.000	0.000	0.000	192.000	0.000	940.600	785.600	90	48.850
393.000	0.000	0.000	192.000	0.000	940.600	785.600	28	39.600
480.000	0.000	0.000	192.000	0.000	936.200	712.200	28	43.940
480.000	0.000	0.000	192.000	0.000	936.200	712.200	7	34.570
480.000	0.000	0.000	192.000	0.000	936.200	712.200	90	54.320
480.000	0.000	0.000	192.000	0.000	936.200	712.200	3	24.400
333.000	0.000	0.000	192.000	0.000	931.200	842.600	3	15.620
255.000	0.000	0.000	192.000	0.000	889.800	945.000	90	21.860
255.000	0.000	0.000	192.000	0.000	889.800	945.000	7	10.220
289.000	0.000	0.000	192.000	0.000	913.200	895.300	7	14.600
255.000	0.000	0.000	192.000	0.000	889.800	945.000	28	18.750
333.000	0.000	0.000	192.000	0.000	931.200	842.600	28	31.970
333.000	0.000	0.000	192.000	0.000	931.200	842.600	7	23.400
289.000	0.000	0.000	192.000	0.000	913.200	895.300	28	25.570
333.000	0.000	0.000	192.000	0.000	931.200	842.600	90	41.680
393.000	0.000	0.000	192.000	0.000	940.600	785.600	7	27.740
255.000	0.000	0.000	192.000	0.000	889.800	945.000	3	8.200
158.800	238.200	0.000	185.700	0.000	1040.600	734.300	7	9.620
239.600	359.400	0.000	185.700	0.000	941.600	664.300	7	25.420
238.200	158.800	0.000	185.700	0.000	1040.600	734.300	7	15.690
181.900	272.800	0.000	185.700	0.000	1012.400	714.300	28	27.940
193.500	290.200	0.000	185.700	0.000	998.200	704.300	28	32.630
255.500	170.300	0.000	185.700	0.000	1026.600	724.300	7	17.240
272.800	181.900	0.000	185.700	0.000	1012.400	714.300	7	19.770
239.600	359.400	0.000	185.700	0.000	941.600	664.300	28	39.440
220.800	147.200	0.000	185.700	0.000	1055.000	744.300	28	25.750
397.000	0.000	0.000	185.700	0.000	1040.600	734.300	28	33.080
382.500	0.000	0.000	185.700	0.000	1047.800	739.300	7	24.070
210.700	316.100	0.000	185.700	0.000	977.000	689.300	7	21.820
158.800	238.200	0.000	185.700	0.000	1040.600	734.300	28	21.070
295.800	0.000	0.000	185.700	0.000	1091.400	769.300	7	14.840
255.500	170.300	0.000	185.700	0.000	1026.600	724.300	28	32.050
203.500	135.700	0.000	185.700	0.000	1076.200	759.300	7	11.960
397.000	0.000	0.000	185.700	0.000	1040.600	734.300	7	25.450
381.400	0.000	0.000	185.700	0.000	1104.600	784.300	28	22.490
295.800	0.000	0.000	185.700	0.000	1091.400	769.300	28	25.220
228.000	342.100	0.000	185.700	0.000	955.800	674.300	28	39.700
220.800	147.200	0.000	185.700	0.000	1055.000	744.300	7	13.090
316.100	210.700	0.000	185.700	0.000	977.000	689.300	28	38.700
135.700	203.500	0.000	185.700	0.000	1076.200	759.300	7	7.510
238.100	0.000	0.000	185.700	0.000	1118.800	789.300	28	17.580
339.200	0.000	0.000	185.700	0.000	1069.200	754.300	7	21.180
135.700	203.500	0.000	185.700	0.000	1076.200	759.300	28	18.200
193.500	290.200	0.000	185.700	0.000	998.200	704.300	7	17.200
203.500	135.700	0.000	185.700	0.000	1076.200	759.300	28	22.630
290.200	193.500	0.000	185.700	0.000	998.200	704.300	7	21.860
181.900	272.800	0.000	185.700	0.000	1012.400	714.300	7	12.370
170.300	155.500	0.000	185.700	0.000	1026.600	724.300	28	25.730
210.700	316.100	0.000	185.700	0.000	977.000	689.300	28	37.810
228.000	342.100	0.000	185.700	0.000	955.800	674.300	7	21.920
290.200	193.500	0.000	185.700	0.000	998.200	704.300	28	33.040
381.400	0.000	0.000	185.700	0.000	1104.600	784.300	7	14.540
238.200	158.800	0.000	185.700	0.000	1040.600	734.300	28	26.910
186.200	124.100	0.000	185.700	0.000	1083.400	764.300	7	8.000
339.200	0.000	0.000	185.700	0.000	1069.200	754.300	28	31.900
238.100	0.000	0.000	185.700	0.000	1118.800	789.300	7	10.340
252.500	0.000	0.000	185.700	0.000	1111.600	784.300	28	19.770
382.500	0.000	0.000	185.700	0.000	1047.800	739.300	28	37.440
252.500	0.000	0.000	185.700	0.000	1111.600	784.300	7	11.480
316.100	210.700	0.000	185.700	0.000	977.000	689.300	7	24.440
186.200	124.100	0.000	185.700	0.000	1083.400	764.300	28	17.600
170.300	155.500	0.000	185.700	0.000	1026.600	724.300	7	10.730
272.800	181.900	0.000	185.700	0.000	1012.400	714.300	28	31.380
339.000	0.000	0.000	197.000	0.000	968.000	781.000	3	13.220
339.000	0.000	0.000	197.000	0.000	968.000	781.000	7	20.970
339.000	0.000	0.000	197.000	0.000	968.000	781.000	14	27.040
339.000	0.000	0.000	197.000	0.000	968.000	781.000	28	32.040
339.000	0.000	0.000	197.000	0.000	968.000	781.000	90	35.170
339.000	0.000	0.000	197.000	0.000	968.000	781.000	180	36.450
339.000	0.000	0.000	197.000	0.000	968.000	781.000	365	38.890
236.000	0.000	0.000	194.000	0.000	968.000	885.000	3	6.470
236.000	0.000	0.000	194.000	0.000	968.000	885.000	14	12.840
236.000	0.000	0.000	194.000	0.000	968.000	885.000	28	18.420
236.000	0.000	0.000	194.000	0.000	968.000	885.000	90	21.950
236.000	0.000	0.000	193.000	0.000	968.000	885.000	180	24.100
236.000	0.000	0.000	193.000	0.000	968.000	885.000	365	25.080
277.000	0.000	0.000	191.000	0.000	968.000	856.000	14	21.260
277.000	0.000	0.000	191.000	0.000	968.000	856.000	28	25.970
277.000	0.000	0.000	191.000	0.000	968.000	856.000	3	11.360
277.000	0.000	0.000	191.000	0.000	968.000	856.000	90	31.250
277.000	0.000	0.000	191.000	0.000	968.000	856.000	180	32.330
277.000	0.000	0.000	191.000	0.000	968.000	856.000	360	33.700
254.000	0.000	0.000	198.000	0.000	968.000	863.000	3	9.310
254.000	0.000	0.000	198.000	0.000	968.000	863.000	90	26.940
254.000	0.000	0.000	198.000	0.000	968.000	863.000	180	27.630
254.000	0.000	0.000	198.000	0.000	968.000	863.000	365	29.790
307.000	0.000	0.000	193.000	0.000	968.000	812.000	180	34.490
307.000	0.000	0.000	193.000	0.000	968.000	812.000	365	36.150
307.000	0.000	0.000	193.000	0.000	968.000	812.000	3	12.540
307.000	0.000	0.000	193.000	0.000	968.000	812.000	28	27.530
307.000	0.000	0.000	193.000	0.000	968.000	812.000	90	32.920
236.000	0.000	0.000	193.000	0.000	968.000	885.000	7	9.990
200.000	0.000	0.000	180.000	0.000	1125.000	845.000	7	7.840
200.000	0.000	0.000	180.000	0.000	1125.000	845.000	28	12.250
225.000	0.000	0.000	181.000	0.000	1113.000	833.000	7	11.170
225.000	0.000	0.000	181.000	0.000	1113.000	833.000	28	17.340
325.000	0.000	0.000	184.000	0.000	1063.000	783.000	7	17.540
325.000	0.000	0.000	184.000	0.000	1063.000	783.000	28	30.570
275.000	0.000	0.000	183.000	0.000	1088.000	808.000	7	14.200
275.000	0.000	0.000	183.000	0.000	1088.000	808.000	28	24.500
300.000	0.000	0.000	184.000	0.000	1075.000	795.000	7	15.580
300.000	0.000	0.000	184.000	0.000	1075.000	795.000	28	26.850
375.000	0.000	0.000	186.000	0.000	1038.000	758.000	7	26.060
375.000	0.000	0.000	186.000	0.000	1038.000	758.000	28	38.210
400.000	0.000	0.000	187.000	0.000	1025.000	745.000	28	43.700
400.000	0.000	0.000	187.000	0.000	1025.000	745.000	7	30.140
250.000	0.000	0.000	182.000	0.000	1100.000	820.000	7	12.730
250.000	0.000	0.000	182.000	0.000	1100.000	820.000	28	20.870
350.000	0.000	0.000	186.000	0.000	1050.000	770.000	7	20.280
350.000	0.000	0.000	186.000	0.000	1050.000	770.000	28	34.290
203.500	305.300	0.000	203.500	0.000	963.400	630.000	7	19.540
250.200	166.800	0.000	203.500	0.000	977.600	694.100	90	47.710
157.000	236.000	0.000	192.000	0.000	935.400	781.200	90	43.380
141.300	212.000	0.000	203.500	0.000	971.800	748.500	28	29.890
166.800	250.200	0.000	203.500	0.000	975.600	692.600	3	6.900
122.600	183.900	0.000	203.500	0.000	958.200	800.100	90	33.190
183.900	122.600	0.000	203.500	0.000	959.200	800.000	3	4.900
102.000	153.000	0.000	192.000	0.000	887.000	942.000	3	4.570
102.000	153.000	0.000	192.000	0.000	887.000	942.000	90	25.460
122.600	183.900	0.000	203.500	0.000	958.200	800.100	28	24.290
166.800	250.200	0.000	203.500	0.000	975.600	692.600	28	33.950
200.000	133.000	0.000	192.000	0.000	965.400	806.200	3	11.410
108.300	162.400	0.000	203.500	0.000	938.200	849.000	28	20.590
305.300	203.500	0.000	203.500	0.000	965.400	631.000	7	25.890
108.300	162.400	0.000	203.500	0.000	938.200	849.000	90	29.230
116.000	173.000	0.000	192.000	0.000	909.800	891.900	90	31.020
141.300	212.000	0.000	203.500	0.000	971.800	748.500	7	10.390
157.000	236.000	0.000	192.000	0.000	935.400	781.200	28	33.660
133.000	200.000	0.000	192.000	0.000	927.400	839.200	28	27.870
250.200	166.800	0.000	203.500	0.000	977.600	694.100	7	19.350
173.000	116.000	0.000	192.000	0.000	946.800	856.800	7	11.390
192.000	288.000	0.000	192.000	0.000	929.800	716.100	3	12.790
192.000	288.000	0.000	192.000	0.000	929.800	716.100	28	39.320
153.000	102.000	0.000	192.000	0.000	888.000	943.100	3	4.780
288.000	192.000	0.000	192.000	0.000	932.000	717.800	3	16.110
305.300	203.500	0.000	203.500	0.000	965.400	631.000	28	43.380
236.000	157.000	0.000	192.000	0.000	972.600	749.100	7	20.420
173.000	116.000	0.000	192.000	0.000	946.800	856.800	3	6.940
212.000	141.300	0.000	203.500	0.000	973.400	750.000	7	15.030
236.000	157.000	0.000	192.000	0.000	972.600	749.100	3	13.570
183.900	122.600	0.000	203.500	0.000	959.200	800.000	90	32.530
166.800	250.200	0.000	203.500	0.000	975.600	692.600	7	15.750
102.000	153.000	0.000	192.000	0.000	887.000	942.000	7	7.680
288.000	192.000	0.000	192.000	0.000	932.000	717.800	28	38.800
212.000	141.300	0.000	203.500	0.000	973.400	750.000	28	33.000
102.000	153.000	0.000	192.000	0.000	887.000	942.000	28	17.280
173.000	116.000	0.000	192.000	0.000	946.800	856.800	28	24.280
183.900	122.600	0.000	203.500	0.000	959.200	800.000	28	24.050
133.000	200.000	0.000	192.000	0.000	927.400	839.200	90	36.590
192.000	288.000	0.000	192.000	0.000	929.800	716.100	90	50.730
133.000	200.000	0.000	192.000	0.000	927.400	839.200	7	13.660
305.300	203.500	0.000	203.500	0.000	965.400	631.000	3	14.140
236.000	157.000	0.000	192.000	0.000	972.600	749.100	90	47.780
108.300	162.400	0.000	203.500	0.000	938.200	849.000	3	2.330
157.000	236.000	0.000	192.000	0.000	935.400	781.200	7	16.890
288.000	192.000	0.000	192.000	0.000	932.000	717.800	7	23.520
212.000	141.300	0.000	203.500	0.000	973.400	750.000	3	6.810
212.000	141.300	0.000	203.500	0.000	973.400	750.000	90	39.700
153.000	102.000	0.000	192.000	0.000	888.000	943.100	28	17.960
236.000	157.000	0.000	192.000	0.000	972.600	749.100	28	32.880
116.000	173.000	0.000	192.000	0.000	909.800	891.900	28	22.350
183.900	122.600	0.000	203.500	0.000	959.200	800.000	7	10.790
108.300	162.400	0.000	203.500	0.000	938.200	849.000	7	7.720
203.500	305.300	0.000	203.500	0.000	963.400	630.000	28	41.680
203.500	305.300	0.000	203.500	0.000	963.400	630.000	3	9.560
133.000	200.000	0.000	192.000	0.000	927.400	839.200	3	6.880
288.000	192.000	0.000	192.000	0.000	932.000	717.800	90	50.530
200.000	133.000	0.000	192.000	0.000	965.400	806.200	7	17.170
200.000	133.000	0.000	192.000	0.000	965.400	806.200	28	30.440
250.200	166.800	0.000	203.500	0.000	977.600	694.100	3	9.730
122.600	183.900	0.000	203.500	0.000	958.200	800.100	3	3.320
153.000	102.000	0.000	192.000	0.000	888.000	943.100	90	26.320
200.000	133.000	0.000	192.000	0.000	965.400	806.200	90	43.250
116.000	173.000	0.000	192.000	0.000	909.800	891.900	3	6.280
173.000	116.000	0.000	192.000	0.000	946.800	856.800	90	32.100
250.200	166.800	0.000	203.500	0.000	977.600	694.100	28	36.960
305.300	203.500	0.000	203.500	0.000	965.400	631.000	90	54.600
192.000	288.000	0.000	192.000	0.000	929.800	716.100	7	21.480
157.000	236.000	0.000	192.000	0.000	935.400	781.200	3	9.690
153.000	102.000	0.000	192.000	0.000	888.000	943.100	7	8.370
141.300	212.000	0.000	203.500	0.000	971.800	748.500	90	39.660
116.000	173.000	0.000	192.000	0.000	909.800	891.900	7	10.090
141.300	212.000	0.000	203.500	0.000	971.800	748.500	3	4.830
122.600	183.900	0.000	203.500	0.000	958.200	800.100	7	10.350
166.800	250.200	0.000	203.500	0.000	975.600	692.600	90	43.570
203.500	305.300	0.000	203.500	0.000	963.400	630.000	90	51.860
310.000	0.000	0.000	192.000	0.000	1012.000	830.000	3	11.850
310.000	0.000	0.000	192.000	0.000	1012.000	830.000	7	17.240
310.000	0.000	0.000	192.000	0.000	1012.000	830.000	28	27.830
310.000	0.000	0.000	192.000	0.000	1012.000	830.000	90	35.760
310.000	0.000	0.000	192.000	0.000	1012.000	830.000	120	38.700
331.000	0.000	0.000	192.000	0.000	1025.000	821.000	3	14.310
331.000	0.000	0.000	192.000	0.000	1025.000	821.000	7	17.440
331.000	0.000	0.000	192.000	0.000	1025.000	821.000	28	31.740
331.000	0.000	0.000	192.000	0.000	1025.000	821.000	90	37.910
331.000	0.000	0.000	192.000	0.000	1025.000	821.000	120	39.380
349.000	0.000	0.000	192.000	0.000	1056.000	809.000	3	15.870
349.000	0.000	0.000	192.000	0.000	1056.000	809.000	7	9.010
349.000	0.000	0.000	192.000	0.000	1056.000	809.000	28	33.610
349.000	0.000	0.000	192.000	0.000	1056.000	809.000	90	40.660
349.000	0.000	0.000	192.000	0.000	1056.000	809.000	120	40.860
238.000	0.000	0.000	186.000	0.000	1119.000	789.000	7	12.050
238.000	0.000	0.000	186.000	0.000	1119.000	789.000	28	17.540
296.000	0.000	0.000	186.000	0.000	1090.000	769.000	7	18.910
296.000	0.000	0.000	186.000	0.000	1090.000	769.000	28	25.180
297.000	0.000	0.000	186.000	0.000	1040.000	734.000	7	30.960
480.000	0.000	0.000	192.000	0.000	936.000	721.000	28	43.890
480.000	0.000	0.000	192.000	0.000	936.000	721.000	90	54.280
397.000	0.000	0.000	186.000	0.000	1040.000	734.000	28	36.940
281.000	0.000	0.000	186.000	0.000	1104.000	774.000	7	14.500
281.000	0.000	0.000	185.000	0.000	1104.000	774.000	28	22.440
500.000	0.000	0.000	200.000	0.000	1125.000	613.000	1	12.640
500.000	0.000	0.000	200.000	0.000	1125.000	613.000	3	26.060
500.000	0.000	0.000	200.000	0.000	1125.000	613.000	7	33.210
500.000	0.000	0.000	200.000	0.000	1125.000	613.000	14	36.940
500.000	0.000	0.000	200.000	0.000	1125.000	613.000	28	44.090
540.000	0.000	0.000	173.000	0.000	1125.000	613.000	7	52.610
540.000	0.000	0.000	173.000	0.000	1125.000	613.000	14	59.760
540.000	0.000	0.000	173.000	0.000	1125.000	613.000	28	67.310
540.000	0.000	0.000	173.000	0.000	1125.000	613.000	90	69.660
540.000	0.000	0.000	173.000	0.000	1125.000	613.000	180	71.620
540.000	0.000	0.000	173.000	0.000	1125.000	613.000	270	74.170
350.000	0.000	0.000	203.000	0.000	974.000	775.000	7	18.130
350.000	0.000	0.000	203.000	0.000	974.000	775.000	14	22.530
350.000	0.000	0.000	203.000	0.000	974.000	775.000	28	27.340
350.000	0.000	0.000	203.000	0.000	974.000	775.000	56	29.980
350.000	0.000	0.000	203.000	0.000	974.000	775.000	90	31.350
350.000	0.000	0.000	203.000	0.000	974.000	775.000	180	32.720
385.000	0.000	0.000	186.000	0.000	966.000	763.000	1	6.270
385.000	0.000	0.000	186.000	0.000	966.000	763.000	3	14.700
385.000	0.000	0.000	186.000	0.000	966.000	763.000	7	23.220
385.000	0.000	0.000	186.000	0.000	966.000	763.000	14	27.920
385.000	0.000	0.000	186.000	0.000	966.000	763.000	28	31.350
331.000	0.000	0.000	192.000	0.000	978.000	825.000	180	39.000
331.000	0.000	0.000	192.000	0.000	978.000	825.000	360	41.240
349.000	0.000	0.000	192.000	0.000	1047.000	806.000	3	14.990
331.000	0.000	0.000	192.000	0.000	978.000	825.000	3	13.520
382.000	0.000	0.000	186.000	0.000	1047.000	739.000	7	24.000
382.000	0.000	0.000	186.000	0.000	1047.000	739.000	28	37.420
382.000	0.000	0.000	186.000	0.000	1111.000	784.000	7	11.470
281.000	0.000	0.000	186.000	0.000	1104.000	774.000	28	22.440
339.000	0.000	0.000	185.000	0.000	1069.000	754.000	7	21.160
339.000	0.000	0.000	185.000	0.000	1069.000	754.000	28	31.840
295.000	0.000	0.000	185.000	0.000	1069.000	769.000	7	14.800
295.000	0.000	0.000	185.000	0.000	1069.000	769.000	28	25.180
238.000	0.000	0.000	185.000	0.000	1118.000	789.000	28	17.540
296.000	0.000	0.000	192.000	0.000	1085.000	765.000	7	14.200
296.000	0.000	0.000	192.000	0.000	1085.000	765.000	28	21.650
296.000	0.000	0.000	192.000	0.000	1085.000	765.000	90	29.390
331.000	0.000	0.000	192.000	0.000	879.000	825.000	3	13.520
331.000	0.000	0.000	192.000	0.000	978.000	825.000	7	16.260
331.000	0.000	0.000	192.000	0.000	978.000	825.000	28	31.450
331.000	0.000	0.000	192.000	0.000	978.000	825.000	90	37.230
349.000	0.000	0.000	192.000	0.000	1047.000	806.000	7	18.130
349.000	0.000	0.000	192.000	0.000	1047.000	806.000	28	32.720
349.000	0.000	0.000	192.000	0.000	1047.000	806.000	90	39.490
349.000	0.000	0.000	192.000	0.000	1047.000	806.000	180	41.050
349.000	0.000	0.000	192.000	0.000	1047.000	806.000	360	42.130
302.000	0.000	0.000	203.000	0.000	974.000	817.000	14	18.130
302.000	0.000	0.000	203.000	0.000	974.000	817.000	180	26.740
525.000	0.000	0.000	189.000	0.000	1125.000	613.000	180	61.920
500.000	0.000	0.000	200.000	0.000	1125.000	613.000	90	47.220
500.000	0.000	0.000	200.000	0.000	1125.000	613.000	180	51.040
500.000	0.000	0.000	200.000	0.000	1125.000	613.000	270	55.160
540.000	0.000	0.000	173.000	0.000	1125.000	613.000	3	41.640
252.000	0.000	0.000	185.000	0.000	1111.000	784.000	7	13.710
252.000	0.000	0.000	185.000	0.000	1111.000	784.000	28	19.690
339.000	0.000	0.000	185.000	0.000	1060.000	754.000	28	31.650
393.000	0.000	0.000	192.000	0.000	940.000	758.000	3	19.110
393.000	0.000	0.000	192.000	0.000	940.000	758.000	28	39.580
393.000	0.000	0.000	192.000	0.000	940.000	758.000	90	48.790
382.000	0.000	0.000	185.000	0.000	1047.000	739.000	7	24.000
382.000	0.000	0.000	185.000	0.000	1047.000	739.000	28	37.420
252.000	0.000	0.000	186.000	0.000	1111.000	784.000	7	11.470
252.000	0.000	0.000	185.000	0.000	1111.000	784.000	28	19.690
310.000	0.000	0.000	192.000	0.000	970.000	850.000	7	14.990
310.000	0.000	0.000	192.000	0.000	970.000	850.000	28	27.920
310.000	0.000	0.000	192.000	0.000	970.000	850.000	90	34.680
310.000	0.000	0.000	192.000	0.000	970.000	850.000	180	37.330
310.000	0.000	0.000	192.000	0.000	970.000	850.000	360	38.110
525.000	0.000	0.000	189.000	0.000	1125.000	613.000	3	33.800
525.000	0.000	0.000	189.000	0.000	1125.000	613.000	7	42.420
525.000	0.000	0.000	189.000	0.000	1125.000	613.000	14	48.400
525.000	0.000	0.000	189.000	0.000	1125.000	613.000	28	55.940
525.000	0.000	0.000	189.000	0.000	1125.000	613.000	90	58.780
525.000	0.000	0.000	189.000	0.000	1125.000	613.000	270	67.110
322.000	0.000	0.000	203.000	0.000	974.000	800.000	14	20.770
322.000	0.000	0.000	203.000	0.000	974.000	800.000	28	25.180
322.000	0.000	0.000	203.000	0.000	974.000	800.000	180	29.590
302.000	0.000	0.000	203.000	0.000	974.000	817.000	28	21.750
397.000	0.000	0.000	185.000	0.000	1040.000	734.000	28	39.090
480.000	0.000	0.000	192.000	0.000	936.000	721.000	3	24.390
522.000	0.000	0.000	146.000	0.000	896.000	896.000	7	50.510
522.000	0.000	0.000	146.000	0.000	896.000	896.000	28	74.990
273.000	105.000	82.000	210.000	9.000	904.000	680.000	28	37.170
162.000	190.000	148.000	179.000	19.000	838.000	741.000	28	33.760
154.000	144.000	112.000	220.000	10.000	923.000	658.000	28	16.500
147.000	115.000	89.000	202.000	9.000	860.000	829.000	28	19.990
152.000	178.000	139.000	168.000	18.000	944.000	695.000	28	36.350
310.000	143.000	111.000	168.000	22.000	914.000	651.000	28	33.690
144.000	0.000	175.000	158.000	18.000	943.000	844.000	28	15.420
304.000	140.000	0.000	214.000	6.000	895.000	722.000	28	33.420
374.000	0.000	0.000	190.000	7.000	1013.000	730.000	28	39.050
159.000	149.000	116.000	175.000	15.000	953.000	720.000	28	27.680
153.000	239.000	0.000	200.000	6.000	1002.000	684.000	28	26.860
310.000	143.000	0.000	168.000	10.000	914.000	804.000	28	45.300
305.000	0.000	100.000	196.000	10.000	959.000	705.000	28	30.120
151.000	0.000	184.000	167.000	12.000	991.000	772.000	28	15.570
142.000	167.000	130.000	174.000	11.000	883.000	785.000	28	44.610
298.000	137.000	107.000	201.000	6.000	878.000	655.000	28	53.520
321.000	164.000	0.000	190.000	5.000	870.000	774.000	28	57.210
366.000	187.000	0.000	191.000	7.000	824.000	757.000	28	65.910
280.000	129.000	100.000	172.000	9.000	825.000	805.000	28	52.820
252.000	97.000	76.000	194.000	8.000	835.000	821.000	28	33.400
165.000	0.000	150.000	182.000	12.000	1023.000	729.000	28	18.030
156.000	243.000	0.000	180.000	11.000	1022.000	698.000	28	37.360
160.000	188.000	146.000	203.000	11.000	829.000	710.000	28	32.840
298.000	0.000	107.000	186.000	6.000	879.000	815.000	28	42.640
318.000	0.000	126.000	210.000	6.000	861.000	737.000	28	40.060
287.000	121.000	94.000	188.000	9.000	904.000	696.000	28	41.940
326.000	166.000	0.000	174.000	9.000	882.000	790.000	28	61.230
356.000	0.000	142.000	193.000	11.000	801.000	778.000	28	40.870
132.000	207.000	161.000	179.000	5.000	867.000	736.000	28	33.300
322.000	149.000	0.000	186.000	8.000	951.000	709.000	28	52.420
164.000	0.000	200.000	181.000	13.000	849.000	846.000	28	15.090
314.000	0.000	113.000	170.000	10.000	925.000	783.000	28	38.460
321.000	0.000	128.000	182.000	11.000	870.000	780.000	28	37.260
140.000	164.000	128.000	237.000	6.000	869.000	656.000	28	35.230
288.000	121.000	0.000	177.000	7.000	908.000	829.000	28	42.130
298.000	0.000	107.000	210.000	11.000	880.000	744.000	28	31.870
265.000	111.000	86.000	195.000	6.000	833.000	790.000	28	41.540
160.000	250.000	0.000	168.000	12.000	1049.000	688.000	28	39.450
166.000	260.000	0.000	183.000	13.000	859.000	827.000	28	37.910
276.000	116.000	90.000	180.000	9.000	870.000	768.000	28	44.280
322.000	0.000	116.000	196.000	10.000	818.000	813.000	28	31.180
149.000	139.000	109.000	193.000	6.000	892.000	780.000	28	23.690
159.000	187.000	0.000	176.000	11.000	990.000	789.000	28	32.760
261.000	100.000	78.000	201.000	9.000	864.000	761.000	28	32.400
237.000	92.000	71.000	247.000	6.000	853.000	695.000	28	28.630
313.000	0.000	113.000	178.000	8.000	1002.000	689.000	28	36.800
155.000	183.000	0.000	193.000	9.000	1047.000	697.000	28	18.280
146.000	230.000	0.000	202.000	3.000	827.000	872.000	28	33.060
296.000	0.000	107.000	221.000	11.000	819.000	778.000	28	31.420
133.000	210.000	0.000	196.000	3.000	949.000	795.000	28	31.030
313.000	145.000	0.000	178.000	8.000	867.000	824.000	28	44.390
152.000	0.000	112.000	184.000	8.000	992.000	816.000	28	12.180
153.000	145.000	113.000	178.000	8.000	1002.000	689.000	28	25.560
140.000	133.000	103.000	200.000	7.000	916.000	753.000	28	36.440
149.000	236.000	0.000	176.000	13.000	847.000	893.000	28	32.960
300.000	0.000	120.000	212.000	10.000	878.000	728.000	28	23.840
153.000	145.000	113.000	178.000	8.000	867.000	824.000	28	26.230
148.000	0.000	137.000	158.000	16.000	1002.000	830.000	28	17.950
326.000	0.000	138.000	199.000	11.000	801.000	792.000	28	40.680
153.000	145.000	0.000	178.000	8.000	1000.000	822.000	28	19.010
262.000	111.000	86.000	195.000	5.000	895.000	733.000	28	33.720
158.000	0.000	195.000	220.000	11.000	898.000	713.000	28	8.540
151.000	0.000	185.000	167.000	16.000	1074.000	678.000	28	13.460
273.000	0.000	90.000	199.000	11.000	931.000	762.000	28	32.240
149.000	118.000	92.000	183.000	7.000	953.000	780.000	28	23.520
143.000	169.000	143.000	191.000	8.000	967.000	643.000	28	29.720
260.000	101.000	78.000	171.000	10.000	936.000	763.000	28	49.770
313.000	161.000	0.000	178.000	10.000	917.000	759.000	28	52.440
284.000	120.000	0.000	168.000	7.000	970.000	794.000	28	40.930
336.000	0.000	0.000	182.000	3.000	986.000	817.000	28	44.860
145.000	0.000	134.000	181.000	11.000	979.000	812.000	28	13.200
150.000	237.000	0.000	174.000	12.000	1069.000	675.000	28	37.430
144.000	170.000	133.000	192.000	8.000	814.000	805.000	28	29.870
331.000	170.000	0.000	195.000	8.000	811.000	802.000	28	56.610
155.000	0.000	143.000	193.000	9.000	1047.000	697.000	28	12.460
155.000	183.000	0.000	193.000	9.000	877.000	868.000	28	23.790
135.000	0.000	166.000	180.000	10.000	961.000	805.000	28	13.290
266.000	112.000	87.000	178.000	10.000	910.000	745.000	28	39.420
314.000	145.000	113.000	179.000	8.000	869.000	690.000	28	46.230
313.000	145.000	0.000	127.000	8.000	1000.000	822.000	28	44.520
146.000	173.000	0.000	182.000	3.000	986.000	817.000	28	23.740
144.000	136.000	106.000	178.000	7.000	941.000	774.000	28	26.140
148.000	0.000	182.000	181.000	15.000	839.000	884.000	28	15.520
277.000	117.000	91.000	191.000	7.000	946.000	666.000	28	43.570
298.000	0.000	107.000	164.000	13.000	953.000	784.000	28	35.860
313.000	145.000	0.000	178.000	8.000	1002.000	689.000	28	41.050
155.000	184.000	143.000	194.000	9.000	880.000	699.000	28	28.990
289.000	134.000	0.000	195.000	6.000	924.000	760.000	28	46.240
148.000	175.000	0.000	171.000	2.000	1000.000	828.000	28	26.920
145.000	0.000	179.000	202.000	8.000	824.000	869.000	28	10.540
313.000	0.000	0.000	178.000	8.000	1000.000	822.000	28	25.100
136.000	162.000	126.000	172.000	10.000	923.000	764.000	28	29.070
155.000	0.000	143.000	193.000	9.000	877.000	868.000	28	9.740
255.000	99.000	77.000	189.000	6.000	919.000	749.000	28	33.800
162.000	207.000	172.000	216.000	10.000	822.000	638.000	28	39.840
136.000	196.000	98.000	199.000	6.000	847.000	783.000	28	26.970
164.000	163.000	128.000	197.000	8.000	961.000	641.000	28	27.230
162.000	214.000	164.000	202.000	10.000	820.000	680.000	28	30.650
157.000	214.000	152.000	200.000	9.000	819.000	704.000	28	33.050
149.000	153.000	194.000	192.000	8.000	935.000	623.000	28	24.580
135.000	105.000	193.000	196.000	6.000	965.000	643.000	28	21.910
159.000	209.000	161.000	201.000	7.000	848.000	669.000	28	30.880
144.000	15.000	195.000	176.000	6.000	1021.000	709.000	28	15.340
154.000	174.000	185.000	228.000	7.000	845.000	612.000	28	24.340
167.000	187.000	195.000	185.000	7.000	898.000	636.000	28	23.890
184.000	86.000	190.000	213.000	6.000	923.000	623.000	28	22.930
156.000	178.000	187.000	221.000	7.000	854.000	614.000	28	29.410
236.900	91.700	71.500	246.900	6.000	852.900	695.400	28	28.630
313.300	0.000	113.000	178.500	8.000	1001.900	688.700	28	36.800
154.800	183.400	0.000	193.300	9.100	1047.400	696.700	28	18.290
145.900	230.500	0.000	202.500	3.400	827.000	871.800	28	32.720
296.000	0.000	106.700	221.400	10.500	819.200	778.400	28	31.420
133.100	210.200	0.000	195.700	3.100	949.400	795.300	28	28.940
313.300	145.000	0.000	178.500	8.000	867.200	824.000	28	40.930
151.600	0.000	111.900	184.400	7.900	992.000	815.900	28	12.180
153.100	145.000	113.000	178.500	8.000	1001.900	688.700	28	25.560
139.900	132.600	103.300	200.300	7.400	916.000	753.400	28	36.440
149.500	236.000	0.000	175.800	12.600	846.800	892.700	28	32.960
299.800	0.000	119.800	211.500	9.900	878.200	727.600	28	23.840
153.100	145.000	113.000	178.500	8.000	867.200	824.000	28	26.230
148.100	0.000	136.600	158.100	16.100	1001.800	830.100	28	17.960
326.500	0.000	137.900	199.000	10.800	801.100	792.500	28	38.630
152.700	144.700	0.000	178.100	8.000	999.700	822.200	28	19.010
261.900	110.500	86.100	195.400	5.000	895.200	732.600	28	33.720
158.400	0.000	194.900	219.700	11.000	897.700	712.900	28	8.540
150.700	0.000	185.300	166.700	15.600	1074.500	678.000	28	13.460
272.600	0.000	89.600	198.700	10.600	931.300	762.200	28	32.250
149.000	117.600	91.700	182.900	7.100	953.400	780.300	28	23.520
143.000	169.400	142.700	190.700	8.400	967.400	643.500	28	29.730
259.900	100.600	78.400	170.600	10.400	935.700	762.900	28	49.770
312.900	160.500	0.000	177.600	9.600	916.600	759.500	28	52.450
284.000	119.700	0.000	168.300	7.200	970.400	794.200	28	40.930
336.500	0.000	0.000	181.900	3.400	985.800	816.800	28	44.870
144.800	0.000	133.600	180.800	11.100	979.500	811.500	28	13.200
150.000	236.800	0.000	173.800	11.900	1069.300	674.800	28	37.430
143.700	170.200	132.600	191.600	8.500	814.100	805.300	28	29.870
330.500	169.600	0.000	194.900	8.100	811.000	802.300	28	56.620
154.800	0.000	142.800	193.300	9.100	1047.400	696.700	28	12.460
154.800	183.400	0.000	193.300	9.100	877.200	867.700	28	23.790
134.700	0.000	165.700	180.200	10.000	961.000	804.900	28	13.290
266.200	112.300	87.500	177.900	10.400	909.700	744.500	28	39.420
314.000	145.300	113.200	178.900	8.000	869.100	690.200	28	46.230
312.700	144.700	0.000	127.300	8.000	999.700	822.200	28	44.520
145.700	172.600	0.000	181.900	3.400	985.800	816.800	28	23.740
143.800	136.300	106.200	178.100	7.500	941.500	774.300	28	26.150
148.100	0.000	182.100	181.400	15.000	838.900	884.300	28	15.530
277.000	116.800	91.000	190.600	7.000	946.500	665.600	28	43.580
298.100	0.000	107.500	163.600	12.800	953.200	784.000	28	35.870
313.300	145.000	0.000	178.500	8.000	1001.900	688.700	28	41.050
155.200	183.900	143.200	193.800	9.200	879.600	698.500	28	28.990
289.000	133.700	0.000	194.900	5.500	924.100	760.100	28	46.250
147.800	175.100	0.000	171.200	2.200	1000.000	828.500	28	26.920
145.400	0.000	178.900	201.700	7.800	824.000	868.700	28	10.540
312.700	0.000	0.000	178.100	8.000	999.700	822.200	28	25.100
136.400	161.600	125.800	171.600	10.400	922.600	764.400	28	29.070
154.800	0.000	142.800	193.300	9.100	877.200	867.700	28	9.740
255.300	98.800	77.000	188.600	6.500	919.000	749.300	28	33.800
272.800	105.100	81.800	209.700	9.000	904.000	679.700	28	37.170
162.000	190.100	148.100	178.800	18.800	838.100	741.400	28	33.760
153.600	144.200	112.300	220.100	10.100	923.200	657.900	28	16.500
146.500	114.600	89.300	201.900	8.800	860.000	829.500	28	19.990
151.800	178.100	138.700	167.500	18.300	944.000	694.600	28	36.350
309.900	142.800	111.200	167.800	22.100	913.900	651.200	28	38.220
143.600	0.000	174.900	158.400	17.900	942.700	844.500	28	15.420
303.600	139.900	0.000	213.500	6.200	895.500	722.500	28	33.420
374.300	0.000	0.000	190.200	6.700	1013.200	730.400	28	39.060
158.600	148.900	116.000	175.100	15.000	953.300	719.700	28	27.680
152.600	238.700	0.000	200.000	6.300	1001.800	683.900	28	26.860
310.000	142.800	0.000	167.900	10.000	914.300	804.000	28	45.300
304.800	0.000	99.600	196.000	9.800	959.400	705.200	28	30.120
150.900	0.000	183.900	166.600	11.600	991.200	772.200	28	15.570
141.900	166.600	129.700	173.500	10.900	882.600	785.300	28	44.610
297.800	137.200	106.900	201.300	6.000	878.400	655.300	28	53.520
321.300	164.200	0.000	190.500	4.600	870.000	774.000	28	57.220
366.000	187.000	0.000	191.300	6.600	824.300	756.900	28	65.910
279.800	128.900	100.400	172.400	9.500	825.100	804.900	28	52.830
252.100	97.100	75.600	193.800	8.300	835.500	821.400	28	33.400
164.600	0.000	150.400	181.600	11.700	1023.300	728.900	28	18.030
155.600	243.500	0.000	180.300	10.700	1022.000	697.700	28	37.360
160.200	188.000	146.400	203.200	11.300	828.700	709.700	28	35.310
298.100	0.000	107.000	186.400	6.100	879.000	815.200	28	42.640
317.900	0.000	126.500	209.700	5.700	860.500	736.600	28	40.060
287.300	120.500	93.900	187.600	9.200	904.400	695.900	28	43.800
325.600	166.400	0.000	174.000	8.900	881.600	790.000	28	61.240
355.900	0.000	141.600	193.300	11.000	801.400	778.400	28	40.870
132.000	206.500	160.900	178.900	5.500	866.900	735.600	28	33.310
322.500	148.600	0.000	185.800	8.500	951.000	709.500	28	52.430
164.200	0.000	200.100	181.200	12.600	849.300	846.000	28	15.090
313.800	0.000	112.600	169.900	10.100	925.300	782.900	28	38.460
321.400	0.000	127.900	182.500	11.500	870.100	779.700	28	37.270
139.700	163.900	127.700	236.700	5.800	868.600	655.600	28	35.230
288.400	121.000	0.000	177.400	7.000	907.900	829.500	28	42.140
298.200	0.000	107.000	209.700	11.100	879.600	744.200	28	31.880
264.500	111.000	86.500	195.500	5.900	832.600	790.400	28	41.540
159.800	250.000	0.000	168.400	12.200	1049.300	688.200	28	39.460
166.000	259.700	0.000	183.200	12.700	858.800	826.800	28	37.920
276.400	116.000	90.300	179.600	8.900	870.100	768.300	28	44.280
322.200	0.000	115.600	196.000	10.400	817.900	813.400	28	31.180
148.500	139.400	108.600	192.700	6.100	892.400	780.000	28	23.700
159.100	186.700	0.000	175.600	11.300	989.600	788.900	28	32.770
260.900	100.500	78.300	200.600	8.600	864.500	761.500	28	32.400
